0000000012.png,KDzsiRxnVOE,11,0
0000000039.png,KDzsiRxnVOE,38,23
0000000069.png,KDzsiRxnVOE,68,46
0000000001.png,iv9pYARtm9o,1,69
0000000037.png,iv9pYARtm9o,36,92
0000000058.png,iv9pYARtm9o,57,115
0000000005.png,HX30Ezu5a90,4,138
0000000026.png,HX30Ezu5a90,25,161
0000000053.png,HX30Ezu5a90,52,184
0000000001.png,I_tYqNnZju8,1,207
0000000023.png,I_tYqNnZju8,22,230
0000000049.png,I_tYqNnZju8,48,253
0000000065.png,I_tYqNnZju8,64,276
0000000001.png,WUNeld0YDIk,1,299
0000000037.png,WUNeld0YDIk,36,322
0000000067.png,WUNeld0YDIk,66,345
0000000001.png,HRcUAwOwC90,1,368
0000000017.png,HRcUAwOwC90,16,391
0000000029.png,HRcUAwOwC90,28,414
0000000063.png,HRcUAwOwC90,62,437
0000000094.png,HRcUAwOwC90,93,460
0000000001.png,COSSYNIsBus,1,483
0000000042.png,COSSYNIsBus,41,506
0000000075.png,COSSYNIsBus,74,529
0000000002.png,kmgkwpPRNts,1,552
0000000022.png,kmgkwpPRNts,21,575
0000000052.png,kmgkwpPRNts,51,598
0000000081.png,kmgkwpPRNts,80,621
0000000001.png,ESRmwNeY7Ss,1,644
0000000033.png,ESRmwNeY7Ss,32,667
0000000055.png,ESRmwNeY7Ss,54,690
0000000085.png,ESRmwNeY7Ss,84,713
0000000014.png,OjZ8BTqCFx8,13,736
0000000104.png,OjZ8BTqCFx8,103,759
0000000001.png,nZiDLPhW9_o,1,782
0000000016.png,nZiDLPhW9_o,15,805
0000000043.png,nZiDLPhW9_o,42,828
0000000090.png,nZiDLPhW9_o,89,851
0000000010.png,MlSzENGT4aI,9,874
0000000041.png,MlSzENGT4aI,40,897
0000000087.png,MlSzENGT4aI,86,920
0000000001.png,iCTLdD4sDq4,1,943
0000000031.png,iCTLdD4sDq4,30,966
0000000063.png,iCTLdD4sDq4,62,989
0000000013.png,fyEekU-T8aA,12,1012
0000000042.png,fyEekU-T8aA,41,1035
0000000054.png,fyEekU-T8aA,53,1058
0000000001.png,SDRDfWr-Cz4,1,1081
0000000004.png,NdZLsup3p_Q,3,1104
0000000025.png,NdZLsup3p_Q,24,1127
0000000047.png,NdZLsup3p_Q,46,1150
0000000007.png,rSYvpvZfrfA,6,1173
0000000023.png,rSYvpvZfrfA,22,1196
0000000051.png,rSYvpvZfrfA,50,1219
0000000091.png,rSYvpvZfrfA,90,1242
0000000001.png,dq7Lyz0sEuc,1,1265
0000000058.png,dq7Lyz0sEuc,57,1288
0000000001.png,EoIbrntuJy8,1,1311
0000000012.png,EoIbrntuJy8,11,1334
0000000047.png,EoIbrntuJy8,46,1357
0000000079.png,EoIbrntuJy8,78,1380
0000000004.png,XCuCZlYJ7hg,3,1403
0000000078.png,XCuCZlYJ7hg,77,1426
0000000005.png,LwXmQws5NjA,4,1449
0000000054.png,LwXmQws5NjA,53,1472
0000000089.png,LwXmQws5NjA,88,1495
0000000006.png,7wWtzj0-ia0,5,1518
0000000026.png,7wWtzj0-ia0,25,1541
0000000051.png,7wWtzj0-ia0,50,1564
0000000091.png,7wWtzj0-ia0,90,1587
0000000001.png,OP-8odtcObs,1,1610
0000000046.png,OP-8odtcObs,45,1633
0000000001.png,EkE_bwTn2Kc,1,1656
0000000017.png,EkE_bwTn2Kc,16,1679
0000000033.png,EkE_bwTn2Kc,32,1702
0000000055.png,EkE_bwTn2Kc,54,1725
0000000001.png,0qn1ArflcqQ,1,1748
0000000030.png,0qn1ArflcqQ,29,1771
0000000050.png,0qn1ArflcqQ,49,1794
0000000005.png,fNFgTroYX6Q,4,1817
0000000055.png,fNFgTroYX6Q,54,1840
0000000083.png,fNFgTroYX6Q,82,1863
0000000112.png,fNFgTroYX6Q,111,1886
0000000003.png,pvdEj2b4PnU,2,1909
0000000034.png,pvdEj2b4PnU,33,1932
0000000048.png,pvdEj2b4PnU,47,1955
0000000078.png,pvdEj2b4PnU,77,1978
0000000089.png,pvdEj2b4PnU,88,2001
0000000016.png,zKecUXC9Iew,15,2024
0000000036.png,zKecUXC9Iew,35,2047
0000000058.png,zKecUXC9Iew,57,2070
0000000081.png,zKecUXC9Iew,80,2093
0000000006.png,2c-Uyb-tLkk,5,2116
0000000051.png,2c-Uyb-tLkk,50,2139
0000000070.png,2c-Uyb-tLkk,69,2162
0000000001.png,SJpzDIj_DT0,1,2185
0000000054.png,SJpzDIj_DT0,53,2208
0000000078.png,SJpzDIj_DT0,77,2231
0000000004.png,tLIpyw-66AU,3,2254
0000000018.png,tLIpyw-66AU,17,2277
0000000049.png,tLIpyw-66AU,48,2300
0000000001.png,xMwdyHFcOY0,1,2323
0000000021.png,xMwdyHFcOY0,20,2346
0000000058.png,xMwdyHFcOY0,57,2369
0000000084.png,xMwdyHFcOY0,83,2392
0000000003.png,GR0oePqMYL4,2,2415
0000000029.png,GR0oePqMYL4,28,2438
0000000013.png,EJXjx0AuQkU,12,2461
0000000058.png,EJXjx0AuQkU,57,2484
0000000100.png,EJXjx0AuQkU,99,2507
0000000108.png,EJXjx0AuQkU,107,2530
0000000131.png,EJXjx0AuQkU,130,2553
0000000169.png,EJXjx0AuQkU,168,2576
0000000202.png,EJXjx0AuQkU,201,2599
0000000226.png,EJXjx0AuQkU,225,2622
0000000031.png,bOA_VZ2fciY,30,2645
0000000045.png,bOA_VZ2fciY,44,2668
0000000076.png,bOA_VZ2fciY,75,2691
0000000104.png,bOA_VZ2fciY,103,2714
0000000123.png,bOA_VZ2fciY,122,2737
0000000155.png,bOA_VZ2fciY,154,2760
0000000165.png,bOA_VZ2fciY,164,2783
0000000180.png,bOA_VZ2fciY,179,2806
0000000196.png,bOA_VZ2fciY,195,2829
0000000005.png,Qevvf0nBuhA,4,2852
0000000022.png,Qevvf0nBuhA,21,2875
0000000064.png,Qevvf0nBuhA,63,2898
0000000112.png,Qevvf0nBuhA,111,2921
0000000148.png,Qevvf0nBuhA,147,2944
0000000191.png,Qevvf0nBuhA,190,2967
0000000214.png,Qevvf0nBuhA,213,2990
0000000036.png,EQr_lnB15e0,35,3013
0000000056.png,EQr_lnB15e0,55,3036
0000000106.png,EQr_lnB15e0,105,3059
0000000129.png,EQr_lnB15e0,128,3082
0000000160.png,EQr_lnB15e0,159,3105
0000000189.png,EQr_lnB15e0,188,3128
0000000008.png,K_A2QDpLSc0,7,3151
0000000030.png,K_A2QDpLSc0,29,3174
0000000066.png,K_A2QDpLSc0,65,3197
0000000105.png,K_A2QDpLSc0,104,3220
0000000163.png,K_A2QDpLSc0,162,3243
0000000209.png,K_A2QDpLSc0,208,3266
0000000032.png,WSE-TK31r_M,31,3289
0000000051.png,WSE-TK31r_M,50,3312
0000000073.png,WSE-TK31r_M,72,3335
0000000123.png,WSE-TK31r_M,122,3358
0000000185.png,WSE-TK31r_M,184,3381
0000000018.png,thg5R5h6nBI,17,3404
0000000082.png,thg5R5h6nBI,81,3427
0000000141.png,thg5R5h6nBI,140,3450
0000000205.png,thg5R5h6nBI,204,3473
0000000034.png,esnd0jPbOIs,33,3496
0000000064.png,esnd0jPbOIs,63,3519
0000000001.png,b-MRWrm9K4A,1,3542
0000000017.png,b-MRWrm9K4A,16,3565
0000000001.png,bGyl-AHPYK8,1,3588
0000000010.png,bGyl-AHPYK8,9,3611
0000000023.png,bGyl-AHPYK8,22,3634
0000000049.png,bGyl-AHPYK8,48,3657
0000000001.png,hPpTCTVT96I,1,3680
0000000022.png,hPpTCTVT96I,21,3703
0000000031.png,hPpTCTVT96I,30,3726
0000000039.png,hPpTCTVT96I,38,3749
0000000052.png,hPpTCTVT96I,51,3772
0000000071.png,hPpTCTVT96I,70,3795
0000000085.png,hPpTCTVT96I,84,3818
0000000001.png,ASU9hE5OijA,1,3841
0000000011.png,ASU9hE5OijA,10,3864
0000000026.png,ASU9hE5OijA,25,3887
0000000037.png,ASU9hE5OijA,36,3910
0000000001.png,VrNjbzC66YQ,1,3933
0000000017.png,VrNjbzC66YQ,16,3956
0000000040.png,VrNjbzC66YQ,39,3979
0000000051.png,VrNjbzC66YQ,50,4002
0000000001.png,TIIKnfQ1gq4,1,4025
0000000069.png,TIIKnfQ1gq4,68,4048
0000000077.png,TIIKnfQ1gq4,76,4071
0000000098.png,TIIKnfQ1gq4,97,4094
0000000001.png,10KbvfM2EsI,1,4117
0000000054.png,10KbvfM2EsI,53,4140
0000000069.png,6T3qoiKQLfk,68,4163
0000000077.png,6T3qoiKQLfk,76,4186
0000000086.png,6T3qoiKQLfk,85,4209
0000000114.png,6T3qoiKQLfk,113,4232
0000000151.png,6T3qoiKQLfk,150,4255
0000000166.png,6T3qoiKQLfk,165,4278
0000000174.png,6T3qoiKQLfk,173,4301
0000000193.png,6T3qoiKQLfk,192,4324
0000000208.png,6T3qoiKQLfk,207,4347
0000000219.png,6T3qoiKQLfk,218,4370
0000000229.png,6T3qoiKQLfk,228,4393
0000000259.png,6T3qoiKQLfk,258,4416
0000000276.png,6T3qoiKQLfk,275,4439
0000000309.png,6T3qoiKQLfk,308,4462
0000000329.png,6T3qoiKQLfk,328,4485
0000000346.png,6T3qoiKQLfk,345,4508
0000000381.png,6T3qoiKQLfk,380,4531
0000000390.png,6T3qoiKQLfk,389,4554
0000000001.png,RGFMju6eNBA,1,4577
0000000049.png,RGFMju6eNBA,48,4600
0000000086.png,RGFMju6eNBA,85,4623
0000000036.png,pJR19UuuyKc,35,4646
0000000055.png,pJR19UuuyKc,54,4669
0000000063.png,pJR19UuuyKc,62,4692
0000000010.png,-wHChibdj3c,9,4715
0000000042.png,-wHChibdj3c,41,4738
0000000067.png,-wHChibdj3c,66,4761
0000000086.png,-wHChibdj3c,85,4784
0000000090.png,qoCcZnWYSiI,89,4807
0000000124.png,qoCcZnWYSiI,123,4830
0000000155.png,qoCcZnWYSiI,154,4853
0000000165.png,qoCcZnWYSiI,164,4876
0000000178.png,qoCcZnWYSiI,177,4899
0000000207.png,qoCcZnWYSiI,206,4922
0000000231.png,qoCcZnWYSiI,230,4945
0000000259.png,qoCcZnWYSiI,258,4968
0000000291.png,qoCcZnWYSiI,290,4991
0000000302.png,qoCcZnWYSiI,301,5014
0000000316.png,qoCcZnWYSiI,315,5037
0000000330.png,qoCcZnWYSiI,329,5060
0000000339.png,qoCcZnWYSiI,338,5083
0000000033.png,bbEMaZAdcZs,32,5106
0000000084.png,bbEMaZAdcZs,83,5129
0000000121.png,bbEMaZAdcZs,120,5152
0000000142.png,bbEMaZAdcZs,141,5175
0000000157.png,bbEMaZAdcZs,156,5198
0000000166.png,bbEMaZAdcZs,165,5221
0000000204.png,bbEMaZAdcZs,203,5244
0000000214.png,bbEMaZAdcZs,213,5267
0000000226.png,bbEMaZAdcZs,225,5290
0000000244.png,bbEMaZAdcZs,243,5313
0000000261.png,bbEMaZAdcZs,260,5336
0000000287.png,bbEMaZAdcZs,286,5359
0000000318.png,bbEMaZAdcZs,317,5382
0000000331.png,bbEMaZAdcZs,330,5405
0000000003.png,DoKocxNCX6o,2,5428
0000000050.png,DoKocxNCX6o,49,5451
0000000079.png,DoKocxNCX6o,78,5474
0000000001.png,rUQc0NdELJo,1,5497
0000000045.png,rUQc0NdELJo,44,5520
0000000078.png,rUQc0NdELJo,77,5543
0000000005.png,1RzCDQy2294,4,5566
0000000027.png,1RzCDQy2294,26,5589
0000000048.png,1RzCDQy2294,47,5612
0000000074.png,1RzCDQy2294,73,5635
0000000001.png,Sub4oRcdS1g,1,5658
0000000020.png,Sub4oRcdS1g,19,5681
0000000041.png,Sub4oRcdS1g,40,5704
0000000061.png,Sub4oRcdS1g,60,5727
0000000082.png,Sub4oRcdS1g,81,5750
0000000001.png,8yDncFb-u4Y,1,5773
0000000026.png,8yDncFb-u4Y,25,5796
0000000077.png,8yDncFb-u4Y,76,5819
0000000001.png,6SZ4EwURhqA,1,5842
0000000021.png,6SZ4EwURhqA,20,5865
0000000031.png,6SZ4EwURhqA,30,5888
0000000084.png,6SZ4EwURhqA,83,5911
0000000109.png,6SZ4EwURhqA,108,5934
0000000004.png,t11XpJ0bkxk,3,5957
0000000031.png,t11XpJ0bkxk,30,5980
0000000064.png,t11XpJ0bkxk,63,6003
0000000010.png,hERNuQRC6NM,9,6026
0000000040.png,hERNuQRC6NM,39,6049
0000000075.png,hERNuQRC6NM,74,6072
0000000085.png,hERNuQRC6NM,84,6095
0000000001.png,7pVw1iBQ2q0,1,6118
0000000054.png,7pVw1iBQ2q0,53,6141
0000000088.png,7pVw1iBQ2q0,87,6164
0000000009.png,UW1f7At3jfQ,8,6187
0000000031.png,UW1f7At3jfQ,30,6210
0000000062.png,UW1f7At3jfQ,61,6233
0000000077.png,UW1f7At3jfQ,76,6256
0000000001.png,iRJJ6Jz1u-A,1,6279
0000000039.png,iRJJ6Jz1u-A,38,6302
0000000001.png,t6JPYKeUJy0,1,6325
0000000018.png,t6JPYKeUJy0,17,6348
0000000072.png,t6JPYKeUJy0,71,6371
0000000007.png,J9EHiYVnyDA,6,6394
0000000018.png,J9EHiYVnyDA,17,6417
0000000049.png,J9EHiYVnyDA,48,6440
0000000066.png,J9EHiYVnyDA,65,6463
0000000001.png,c32plZ7qE6k,1,6486
0000000016.png,c32plZ7qE6k,15,6509
0000000078.png,c32plZ7qE6k,77,6532
0000000008.png,2iWgMLIxw6c,7,6555
0000000082.png,2iWgMLIxw6c,81,6578
0000000001.png,XwmCGk7jfhI,1,6601
0000000046.png,XwmCGk7jfhI,45,6624
0000000061.png,XwmCGk7jfhI,60,6647
0000000086.png,XwmCGk7jfhI,85,6670
0000000063.png,F_LrNo6rc8A,62,6693
0000000100.png,F_LrNo6rc8A,99,6716
0000000005.png,jfBBA7vfu1U,4,6739
0000000020.png,jfBBA7vfu1U,19,6762
0000000039.png,jfBBA7vfu1U,38,6785
0000000060.png,jfBBA7vfu1U,59,6808
0000000086.png,jfBBA7vfu1U,85,6831
0000000016.png,9mhoNw3-KAc,15,6854
0000000056.png,9mhoNw3-KAc,55,6877
0000000095.png,9mhoNw3-KAc,94,6900
0000000001.png,IUnVftZyyjM,1,6923
0000000060.png,IUnVftZyyjM,59,6946
0000000001.png,tUhqUr7EP5s,1,6969
0000000013.png,tUhqUr7EP5s,12,6992
0000000040.png,tUhqUr7EP5s,39,7015
0000000081.png,tUhqUr7EP5s,80,7038
0000000001.png,RVuozXoxQ-E,1,7061
0000000034.png,RVuozXoxQ-E,33,7084
0000000063.png,RVuozXoxQ-E,62,7107
0000000099.png,RVuozXoxQ-E,98,7130
0000000001.png,e6H-YFGWl4U,1,7153
0000000043.png,e6H-YFGWl4U,42,7176
0000000058.png,e6H-YFGWl4U,57,7199
0000000087.png,e6H-YFGWl4U,86,7222
0000000004.png,Uz5D-fU7ADE,3,7245
0000000034.png,Uz5D-fU7ADE,33,7268
0000000051.png,Uz5D-fU7ADE,50,7291
0000000069.png,Uz5D-fU7ADE,68,7314
0000000087.png,Uz5D-fU7ADE,86,7337
0000000001.png,jMoZsCwO_Fo,1,7360
0000000020.png,jMoZsCwO_Fo,19,7383
0000000080.png,jMoZsCwO_Fo,79,7406
0000000005.png,s09UU4OreSQ,4,7429
0000000026.png,s09UU4OreSQ,25,7452
0000000040.png,s09UU4OreSQ,39,7475
0000000053.png,s09UU4OreSQ,52,7498
0000000087.png,s09UU4OreSQ,86,7521
0000000100.png,s09UU4OreSQ,99,7544
0000000132.png,s09UU4OreSQ,131,7567
0000000165.png,s09UU4OreSQ,164,7590
0000000001.png,mZbAJ2Azook,1,7613
0000000010.png,mZbAJ2Azook,9,7636
0000000050.png,mZbAJ2Azook,49,7659
0000000080.png,mZbAJ2Azook,79,7682
0000000001.png,srGFTrEwW3I,1,7705
0000000038.png,srGFTrEwW3I,37,7728
0000000070.png,srGFTrEwW3I,69,7751
0000000001.png,r84P2iEulKA,1,7774
0000000047.png,r84P2iEulKA,46,7797
0000000086.png,r84P2iEulKA,85,7820
0000000001.png,Rp3kVA1ATL0,1,7843
0000000030.png,Rp3kVA1ATL0,29,7866
0000000053.png,Rp3kVA1ATL0,52,7889
0000000080.png,Rp3kVA1ATL0,79,7912
0000000003.png,fDav9HL5YBM,2,7935
0000000032.png,fDav9HL5YBM,31,7958
0000000040.png,fDav9HL5YBM,39,7981
0000000058.png,fDav9HL5YBM,57,8004
0000000077.png,fDav9HL5YBM,76,8027
0000000096.png,fDav9HL5YBM,95,8050
0000000112.png,fDav9HL5YBM,111,8073
0000000126.png,fDav9HL5YBM,125,8096
0000000011.png,B2BNX-qVRjk,10,8119
0000000027.png,B2BNX-qVRjk,26,8142
0000000047.png,B2BNX-qVRjk,46,8165
0000000087.png,B2BNX-qVRjk,86,8188
0000000001.png,noSq_IDfdTM,1,8211
0000000025.png,noSq_IDfdTM,24,8234
0000000045.png,noSq_IDfdTM,44,8257
0000000041.png,oSy6oecdQxM,40,8280
0000000067.png,oSy6oecdQxM,66,8303
0000000001.png,0Jj3O0bQQUw,1,8326
0000000028.png,0Jj3O0bQQUw,27,8349
0000000097.png,0Jj3O0bQQUw,96,8372
0000000040.png,1fLIZW3qbT0,39,8395
0000000071.png,1fLIZW3qbT0,70,8418
0000000091.png,1fLIZW3qbT0,90,8441
0000000037.png,PskAv0WS1Kc,36,8464
0000000063.png,PskAv0WS1Kc,62,8487
0000000093.png,PskAv0WS1Kc,92,8510
0000000001.png,4kZNFi4NGik,1,8533
0000000020.png,2ED3p6kEH8A,19,8556
0000000041.png,2ED3p6kEH8A,40,8579
0000000060.png,2ED3p6kEH8A,59,8602
0000000086.png,2ED3p6kEH8A,85,8625
0000000110.png,2ED3p6kEH8A,109,8648
0000000008.png,2CoCTWS1TS8,7,8671
0000000035.png,2CoCTWS1TS8,34,8694
0000000061.png,2CoCTWS1TS8,60,8717
0000000088.png,2CoCTWS1TS8,87,8740
0000000001.png,3JwqqNXMFnk,1,8763
0000000061.png,3JwqqNXMFnk,60,8786
0000000001.png,FmnfhGmOKwk,1,8809
0000000021.png,FmnfhGmOKwk,20,8832
0000000046.png,FmnfhGmOKwk,45,8855
0000000080.png,FmnfhGmOKwk,79,8878
0000000001.png,73p-AJvTrbw,1,8901
0000000063.png,73p-AJvTrbw,62,8924
0000000005.png,95LBgBaPKUw,4,8947
0000000048.png,95LBgBaPKUw,47,8970
0000000080.png,95LBgBaPKUw,79,8993
0000000103.png,95LBgBaPKUw,102,9016
0000000005.png,8G6vQWBH_sg,4,9039
0000000024.png,8G6vQWBH_sg,23,9062
0000000048.png,8G6vQWBH_sg,47,9085
0000000066.png,8G6vQWBH_sg,65,9108
0000000084.png,8G6vQWBH_sg,83,9131
0000000001.png,2yscQhLw_Mg,1,9154
0000000042.png,2yscQhLw_Mg,41,9177
0000000070.png,2yscQhLw_Mg,69,9200
0000000001.png,4MxSU_zgMdE,1,9223
0000000009.png,4MxSU_zgMdE,8,9246
0000000022.png,4MxSU_zgMdE,21,9269
0000000035.png,4MxSU_zgMdE,34,9292
0000000001.png,GtvIQLJF4ZY,1,9315
0000000050.png,GtvIQLJF4ZY,49,9338
