0000000019.png,ZneHP-cZutQ,18,0
0000000051.png,ZneHP-cZutQ,50,24
0000000080.png,ZneHP-cZutQ,79,48
0000000003.png,Yq-vyYPDYAQ,2,72
0000000025.png,Yq-vyYPDYAQ,24,96
0000000043.png,Yq-vyYPDYAQ,42,120
0000000087.png,Yq-vyYPDYAQ,86,144
0000000001.png,Y0ldb-kzUi8,1,168
0000000031.png,Y0ldb-kzUi8,30,192
0000000051.png,Y0ldb-kzUi8,50,216
0000000095.png,Y0ldb-kzUi8,94,240
0000000011.png,9OWPF8zVK8U,10,264
0000000048.png,9OWPF8zVK8U,47,288
0000000097.png,9OWPF8zVK8U,96,312
0000000001.png,u6wdeTglMWY,1,336
0000000076.png,u6wdeTglMWY,75,360
0000000026.png,YanwD5Sht0k,25,384
0000000063.png,YanwD5Sht0k,62,408
0000000027.png,NNH_xNJy9zE,26,432
0000000055.png,NNH_xNJy9zE,54,456
0000000101.png,NNH_xNJy9zE,100,480
0000000009.png,lc229W3X9eI,8,504
0000000047.png,lc229W3X9eI,46,528
0000000080.png,lc229W3X9eI,79,552
0000000001.png,mAdakAxgoJo,1,576
0000000029.png,mAdakAxgoJo,28,600
0000000054.png,mAdakAxgoJo,53,624
0000000072.png,mAdakAxgoJo,71,648
0000000088.png,mAdakAxgoJo,87,672
0000000005.png,h4ZGpEov48o,4,696
0000000031.png,h4ZGpEov48o,30,720
0000000052.png,h4ZGpEov48o,51,744
0000000062.png,h4ZGpEov48o,61,768
0000000085.png,h4ZGpEov48o,84,792
0000000001.png,StX7ltvF8ok,1,816
0000000050.png,StX7ltvF8ok,49,840
0000000092.png,StX7ltvF8ok,91,864
0000000001.png,Y-skjbrlfR0,1,888
0000000018.png,Y-skjbrlfR0,17,912
0000000026.png,Y-skjbrlfR0,25,936
0000000038.png,Y-skjbrlfR0,37,960
0000000089.png,Y-skjbrlfR0,88,984
0000000001.png,F2gzfC40__4,1,1008
0000000028.png,F2gzfC40__4,27,1032
0000000048.png,F2gzfC40__4,47,1056
0000000064.png,F2gzfC40__4,63,1080
0000000043.png,Al-Xd2_8V-A,42,1104
0000000082.png,Al-Xd2_8V-A,81,1128
0000000001.png,DIlNTAmAG6k,1,1152
0000000016.png,DIlNTAmAG6k,15,1176
0000000051.png,DIlNTAmAG6k,50,1200
0000000026.png,LtJCxxRKSUA,25,1224
0000000056.png,LtJCxxRKSUA,55,1248
0000000092.png,LtJCxxRKSUA,91,1272
0000000006.png,u_K3ZQYirds,5,1296
0000000035.png,u_K3ZQYirds,34,1320
0000000059.png,u_K3ZQYirds,58,1344
0000000095.png,u_K3ZQYirds,94,1368
0000000001.png,tirrL25i8u0,1,1392
0000000027.png,tirrL25i8u0,26,1416
0000000046.png,tirrL25i8u0,45,1440
0000000067.png,tirrL25i8u0,66,1464
0000000095.png,tirrL25i8u0,94,1488
0000000001.png,y4u-NMCvwxE,1,1512
0000000029.png,y4u-NMCvwxE,28,1536
0000000051.png,y4u-NMCvwxE,50,1560
0000000076.png,y4u-NMCvwxE,75,1584
0000000023.png,qpotfoWF_pg,22,1608
0000000017.png,KY5NR3rE6-8,16,1632
0000000054.png,KY5NR3rE6-8,53,1656
0000000070.png,KY5NR3rE6-8,69,1680
0000000010.png,kIm00TsqD0Y,9,1704
0000000002.png,2KLgBAZH_Sg,1,1728
0000000014.png,2KLgBAZH_Sg,13,1752
0000000044.png,2KLgBAZH_Sg,43,1776
0000000083.png,2KLgBAZH_Sg,82,1800
0000000005.png,EJtb_-TsGdM,4,1824
0000000001.png,r1KWTK0g1_I,1,1848
0000000042.png,r1KWTK0g1_I,41,1872
0000000110.png,r1KWTK0g1_I,109,1896
0000000129.png,r1KWTK0g1_I,128,1920
0000000159.png,r1KWTK0g1_I,158,1944
0000000167.png,r1KWTK0g1_I,166,1968
0000000182.png,r1KWTK0g1_I,181,1992
0000000005.png,zLS_2W-WwQE,4,2016
0000000062.png,zLS_2W-WwQE,61,2040
0000000003.png,PLCM12jDSKI,2,2064
0000000022.png,PLCM12jDSKI,21,2088
0000000048.png,PLCM12jDSKI,47,2112
0000000004.png,0EbHozCmxH4,3,2136
0000000076.png,0EbHozCmxH4,75,2160
0000000099.png,0EbHozCmxH4,98,2184
0000000117.png,0EbHozCmxH4,116,2208
0000000132.png,0EbHozCmxH4,131,2232
0000000141.png,0EbHozCmxH4,140,2256
0000000162.png,0EbHozCmxH4,161,2280
0000000171.png,0EbHozCmxH4,170,2304
0000000002.png,oY_zLKEoGpM,1,2328
0000000102.png,oY_zLKEoGpM,101,2352
0000000003.png,gw6WiZD6XdI,2,2376
0000000009.png,5fK9suDCdxE,8,2400
0000000042.png,5fK9suDCdxE,41,2424
0000000076.png,5fK9suDCdxE,75,2448
0000000025.png,PtdkJm2zaZc,24,2472
0000000001.png,gBt5Hznc7dA,1,2496
0000000016.png,gBt5Hznc7dA,15,2520
0000000077.png,gBt5Hznc7dA,76,2544
0000000003.png,w_ygoI1chXY,2,2568
0000000007.png,XMKcOOVmtfY,6,2592
0000000045.png,XMKcOOVmtfY,44,2616
0000000085.png,XMKcOOVmtfY,84,2640
0000000131.png,XMKcOOVmtfY,130,2664
0000000158.png,XMKcOOVmtfY,157,2688
0000000187.png,XMKcOOVmtfY,186,2712
0000000221.png,XMKcOOVmtfY,220,2736
0000000242.png,XMKcOOVmtfY,241,2760
0000000286.png,XMKcOOVmtfY,285,2784
0000000305.png,XMKcOOVmtfY,304,2808
0000000325.png,XMKcOOVmtfY,324,2832
0000000345.png,XMKcOOVmtfY,344,2856
0000000373.png,XMKcOOVmtfY,372,2880
0000000384.png,XMKcOOVmtfY,383,2904
0000000003.png,ikzFYsHz4qE,2,2928
0000000001.png,EHVzDwzIA3s,1,2952
0000000033.png,EHVzDwzIA3s,32,2976
0000000001.png,o_9bGn6ks7Y,1,3000
0000000022.png,o_9bGn6ks7Y,21,3024
0000000048.png,o_9bGn6ks7Y,47,3048
0000000001.png,Bo--RRGCkPE,1,3072
0000000046.png,Bo--RRGCkPE,45,3096
0000000010.png,oTCYF8NlIR0,9,3120
0000000035.png,oTCYF8NlIR0,34,3144
0000000058.png,oTCYF8NlIR0,57,3168
0000000100.png,S7jQEsPjvTE,99,3192
0000000001.png,yoQuyrfgoB4,1,3216
0000000018.png,yoQuyrfgoB4,17,3240
0000000090.png,yoQuyrfgoB4,89,3264
0000000001.png,D-yi-6R6seY,1,3288
0000000030.png,D-yi-6R6seY,29,3312
0000000039.png,-HcFgP-vhYw,38,3336
0000000104.png,-HcFgP-vhYw,103,3360
0000000001.png,kZDniBSdrB0,1,3384
0000000037.png,kZDniBSdrB0,36,3408
0000000050.png,kZDniBSdrB0,49,3432
0000000059.png,kZDniBSdrB0,58,3456
0000000077.png,kZDniBSdrB0,76,3480
0000000097.png,kZDniBSdrB0,96,3504
0000000018.png,vdnKDv82y24,17,3528
0000000059.png,vdnKDv82y24,58,3552
0000000087.png,vdnKDv82y24,86,3576
0000000001.png,7EOObhfbjAY,1,3600
0000000063.png,7EOObhfbjAY,62,3624
0000000082.png,7EOObhfbjAY,81,3648
0000000001.png,kaOZV7FbdVU,1,3672
0000000027.png,kaOZV7FbdVU,26,3696
0000000061.png,kaOZV7FbdVU,60,3720
0000000095.png,kaOZV7FbdVU,94,3744
0000000001.png,5eNidtDlwUs,1,3768
0000000034.png,5eNidtDlwUs,33,3792
0000000078.png,5eNidtDlwUs,77,3816
0000000001.png,AFPk27dqPgQ,1,3840
0000000016.png,AFPk27dqPgQ,15,3864
0000000052.png,AFPk27dqPgQ,51,3888
0000000076.png,AFPk27dqPgQ,75,3912
0000000089.png,AFPk27dqPgQ,88,3936
0000000001.png,MDPJCTyvh9s,1,3960
0000000013.png,MDPJCTyvh9s,12,3984
0000000048.png,MDPJCTyvh9s,47,4008
0000000076.png,MDPJCTyvh9s,75,4032
0000000001.png,25L2eDqXsI0,1,4056
0000000029.png,25L2eDqXsI0,28,4080
0000000041.png,25L2eDqXsI0,40,4104
0000000065.png,25L2eDqXsI0,64,4128
0000000089.png,25L2eDqXsI0,88,4152
0000000001.png,TqXzUAeOAtM,1,4176
0000000027.png,TqXzUAeOAtM,26,4200
0000000065.png,TqXzUAeOAtM,64,4224
0000000098.png,TqXzUAeOAtM,97,4248
0000000001.png,8rR082hHoLc,1,4272
0000000037.png,8rR082hHoLc,36,4296
0000000076.png,8rR082hHoLc,75,4320
0000000092.png,8rR082hHoLc,91,4344
0000000001.png,ob6ltnOqwVk,1,4368
0000000053.png,ob6ltnOqwVk,52,4392
0000000001.png,nve9WgsRluQ,1,4416
0000000018.png,nve9WgsRluQ,17,4440
0000000050.png,nve9WgsRluQ,49,4464
0000000080.png,nve9WgsRluQ,79,4488
0000000008.png,SPpAxntSNFo,7,4512
0000000039.png,SPpAxntSNFo,38,4536
0000000076.png,SPpAxntSNFo,75,4560
0000000101.png,SPpAxntSNFo,100,4584
0000000001.png,62VvDOHZ19I,1,4608
0000000051.png,62VvDOHZ19I,50,4632
0000000066.png,62VvDOHZ19I,65,4656
0000000001.png,WOR-mYaFr2Q,1,4680
0000000015.png,WOR-mYaFr2Q,14,4704
0000000050.png,WOR-mYaFr2Q,49,4728
0000000077.png,WOR-mYaFr2Q,76,4752
0000000001.png,S3ZuyJ_sRYA,1,4776
0000000024.png,S3ZuyJ_sRYA,23,4800
0000000085.png,S3ZuyJ_sRYA,84,4824
0000000001.png,lUoOZyom2yA,1,4848
0000000060.png,lUoOZyom2yA,59,4872
0000000105.png,lUoOZyom2yA,104,4896
0000000002.png,6utKpcNM5Wo,1,4920
0000000030.png,6utKpcNM5Wo,29,4944
0000000064.png,6utKpcNM5Wo,63,4968
0000000001.png,mVOvakscGeQ,1,4992
0000000026.png,mVOvakscGeQ,25,5016
0000000041.png,mVOvakscGeQ,40,5040
0000000085.png,mVOvakscGeQ,84,5064
0000000001.png,TF89ekKqYPM,1,5088
0000000017.png,TF89ekKqYPM,16,5112
0000000051.png,TF89ekKqYPM,50,5136
0000000086.png,TF89ekKqYPM,85,5160
0000000001.png,0fdksdtBsjE,1,5184
0000000019.png,0fdksdtBsjE,18,5208
0000000046.png,0fdksdtBsjE,45,5232
0000000065.png,0fdksdtBsjE,64,5256
0000000001.png,aWePMuEbQ48,1,5280
0000000048.png,aWePMuEbQ48,47,5304
0000000081.png,aWePMuEbQ48,80,5328
0000000091.png,Sq6tOsNQ3PY,90,5352
0000000008.png,Dj6JUr6nNWA,7,5376
0000000026.png,Dj6JUr6nNWA,25,5400
0000000054.png,Dj6JUr6nNWA,53,5424
0000000089.png,Dj6JUr6nNWA,88,5448
0000000008.png,MGddJOmT-WM,7,5472
0000000027.png,MGddJOmT-WM,26,5496
0000000035.png,MGddJOmT-WM,34,5520
0000000063.png,MGddJOmT-WM,62,5544
0000000109.png,MGddJOmT-WM,108,5568
0000000003.png,ENLtYKsPZSE,2,5592
0000000016.png,ENLtYKsPZSE,15,5616
0000000043.png,ENLtYKsPZSE,42,5640
0000000075.png,ENLtYKsPZSE,74,5664
0000000001.png,4Z1hVGxYMWI,1,5688
0000000029.png,4Z1hVGxYMWI,28,5712
0000000045.png,4Z1hVGxYMWI,44,5736
0000000081.png,4Z1hVGxYMWI,80,5760
0000000008.png,DH-SRTs6SEw,7,5784
0000000042.png,DH-SRTs6SEw,41,5808
0000000075.png,DH-SRTs6SEw,74,5832
0000000001.png,zcGbXoFs7TY,1,5856
0000000019.png,zcGbXoFs7TY,18,5880
0000000038.png,zcGbXoFs7TY,37,5904
0000000084.png,zcGbXoFs7TY,83,5928
0000000001.png,NOfsJdfSE9U,1,5952
0000000026.png,NOfsJdfSE9U,25,5976
0000000049.png,NOfsJdfSE9U,48,6000
0000000058.png,NOfsJdfSE9U,57,6024
0000000084.png,NOfsJdfSE9U,83,6048
0000000105.png,NOfsJdfSE9U,104,6072
0000000001.png,6f79fjVFpW0,1,6096
0000000031.png,6f79fjVFpW0,30,6120
0000000040.png,6f79fjVFpW0,39,6144
0000000094.png,6f79fjVFpW0,93,6168
0000000001.png,ZHufBK664VY,1,6192
0000000032.png,ZHufBK664VY,31,6216
0000000059.png,ZHufBK664VY,58,6240
0000000002.png,0TU9vlFCgsI,1,6264
0000000062.png,0TU9vlFCgsI,61,6288
0000000001.png,lPb9OS58iuE,1,6312
0000000003.png,sgTo_eRNAQY,2,6336
0000000002.png,MrGxMhTZrMU,1,6360
0000000056.png,MrGxMhTZrMU,55,6384
0000000001.png,oOzlvxuZ4as,1,6408
0000000003.png,bKGUr2cmYQE,2,6432
0000000017.png,bKGUr2cmYQE,16,6456
0000000003.png,KemV-VB1xx4,2,6480
0000000044.png,KemV-VB1xx4,43,6504
0000000003.png,wPF8jg_Fsug,2,6528
0000000062.png,wPF8jg_Fsug,61,6552
0000000001.png,QYwf_ZB7haU,1,6576
0000000014.png,QYwf_ZB7haU,13,6600
0000000028.png,QYwf_ZB7haU,27,6624
0000000036.png,QYwf_ZB7haU,35,6648
0000000062.png,QYwf_ZB7haU,61,6672
0000000104.png,QYwf_ZB7haU,103,6696
0000000116.png,QYwf_ZB7haU,115,6720
0000000130.png,QYwf_ZB7haU,129,6744
0000000152.png,QYwf_ZB7haU,151,6768
0000000169.png,QYwf_ZB7haU,168,6792
0000000001.png,Fs2asVmERGw,1,6816
0000000026.png,Fs2asVmERGw,25,6840
0000000070.png,Fs2asVmERGw,69,6864
0000000001.png,zlXZpKqG60Y,1,6888
0000000005.png,ZDptuVd7OWc,4,6912
0000000048.png,ZDptuVd7OWc,47,6936
0000000089.png,ZDptuVd7OWc,88,6960
0000000001.png,lgbrwTce8NQ,1,6984
0000000022.png,lgbrwTce8NQ,21,7008
0000000050.png,lgbrwTce8NQ,49,7032
0000000080.png,lgbrwTce8NQ,79,7056
0000000024.png,BTyZdWxj-9E,23,7080
0000000068.png,BTyZdWxj-9E,67,7104
0000000095.png,BTyZdWxj-9E,94,7128
0000000001.png,1PcffzGtjf8,1,7152
0000000073.png,1PcffzGtjf8,72,7176
0000000111.png,1PcffzGtjf8,110,7200
0000000012.png,lU-BHux5sj0,11,7224
0000000090.png,lU-BHux5sj0,89,7248
0000000002.png,d9GpuslLsa4,1,7272
