0000000044.png,arbDWpC2xtQ,43,0
0000000056.png,arbDWpC2xtQ,55,24
0000000077.png,arbDWpC2xtQ,76,48
0000000023.png,S4IpoChhwcM,22,72
0000000054.png,S4IpoChhwcM,53,96
0000000047.png,pIDluEFVLjU,46,120
0000000090.png,pIDluEFVLjU,89,144
0000000032.png,kqteDCCmd2A,31,168
0000000086.png,kqteDCCmd2A,85,192
0000000029.png,B1uxJ7R-JL8,28,216
0000000044.png,B1uxJ7R-JL8,43,240
0000000087.png,B1uxJ7R-JL8,86,264
0000000125.png,B1uxJ7R-JL8,124,288
0000000040.png,U7zcWYjbXH8,39,312
0000000063.png,U7zcWYjbXH8,62,336
0000000112.png,U7zcWYjbXH8,111,360
0000000127.png,U7zcWYjbXH8,126,384
0000000046.png,PWjvgD3evyA,45,408
0000000064.png,PWjvgD3evyA,63,432
0000000077.png,PWjvgD3evyA,76,456
0000000097.png,PWjvgD3evyA,96,480
0000000042.png,IQdwWLUxffg,41,504
0000000084.png,IQdwWLUxffg,83,528
0000000096.png,IQdwWLUxffg,95,552
0000000136.png,IQdwWLUxffg,135,576
0000000151.png,IQdwWLUxffg,150,600
0000000170.png,IQdwWLUxffg,169,624
0000000187.png,IQdwWLUxffg,186,648
0000000042.png,RghTo_gspn8,41,672
0000000072.png,RghTo_gspn8,71,696
0000000084.png,RghTo_gspn8,83,720
0000000115.png,RghTo_gspn8,114,744
0000000041.png,4HD1EavEmks,40,768
0000000066.png,4HD1EavEmks,65,792
0000000040.png,G-ygFPlco_U,39,816
0000000059.png,G-ygFPlco_U,58,840
0000000080.png,G-ygFPlco_U,79,864
0000000094.png,G-ygFPlco_U,93,888
0000000121.png,G-ygFPlco_U,120,912
0000000034.png,MbYLg7vRd-8,33,936
0000000079.png,MbYLg7vRd-8,78,960
0000000104.png,MbYLg7vRd-8,103,984
0000000039.png,oKm8HPB7uQU,38,1008
0000000061.png,oKm8HPB7uQU,60,1032
0000000079.png,oKm8HPB7uQU,78,1056
0000000097.png,oKm8HPB7uQU,96,1080
0000000031.png,3iEnbTFPoSA,30,1104
0000000051.png,3iEnbTFPoSA,50,1128
0000000109.png,3iEnbTFPoSA,108,1152
0000000029.png,sdrc1CRHLGg,28,1176
0000000075.png,sdrc1CRHLGg,74,1200
0000000106.png,sdrc1CRHLGg,105,1224
0000000055.png,2xqWv-q8qig,54,1248
0000000113.png,2xqWv-q8qig,112,1272
0000000036.png,KcqwYLMrpdw,35,1296
0000000050.png,KcqwYLMrpdw,49,1320
0000000079.png,KcqwYLMrpdw,78,1344
0000000094.png,KcqwYLMrpdw,93,1368
0000000044.png,BcgjZrpidd4,43,1392
0000000058.png,BcgjZrpidd4,57,1416
0000000073.png,BcgjZrpidd4,72,1440
0000000098.png,BcgjZrpidd4,97,1464
0000000038.png,KafdmG-ToMc,37,1488
0000000079.png,KafdmG-ToMc,78,1512
0000000095.png,KafdmG-ToMc,94,1536
0000000114.png,KafdmG-ToMc,113,1560
0000000139.png,KafdmG-ToMc,138,1584
0000000043.png,ARFDKklUQuQ,42,1608
0000000070.png,ARFDKklUQuQ,69,1632
0000000092.png,ARFDKklUQuQ,91,1656
0000000113.png,ARFDKklUQuQ,112,1680
0000000163.png,ARFDKklUQuQ,162,1704
0000000038.png,uJtrAMBRmQ0,37,1728
0000000078.png,uJtrAMBRmQ0,77,1752
0000000119.png,uJtrAMBRmQ0,118,1776
0000000048.png,PSMc-Di6nOc,47,1800
0000000088.png,PSMc-Di6nOc,87,1824
0000000108.png,PSMc-Di6nOc,107,1848
0000000121.png,PSMc-Di6nOc,120,1872
0000000148.png,PSMc-Di6nOc,147,1896
0000000162.png,PSMc-Di6nOc,161,1920
0000000029.png,0cjeLTgqy2w,28,1944
0000000048.png,0cjeLTgqy2w,47,1968
0000000065.png,0cjeLTgqy2w,64,1992
0000000088.png,0cjeLTgqy2w,87,2016
0000000035.png,26AV3sJTj4A,34,2040
0000000058.png,26AV3sJTj4A,57,2064
0000000057.png,Pc7_pSLBWCo,56,2088
0000000095.png,Pc7_pSLBWCo,94,2112
0000000023.png,VGlzn8uKVec,22,2136
0000000044.png,VGlzn8uKVec,43,2160
0000000069.png,VGlzn8uKVec,68,2184
0000000089.png,VGlzn8uKVec,88,2208
0000000032.png,A1L0HV4YuaY,31,2232
0000000081.png,A1L0HV4YuaY,80,2256
0000000109.png,A1L0HV4YuaY,108,2280
0000000134.png,A1L0HV4YuaY,133,2304
0000000039.png,-XC-1kOHJBM,38,2328
0000000077.png,-XC-1kOHJBM,76,2352
0000000024.png,QSH7vdp8fHU,23,2376
0000000047.png,QSH7vdp8fHU,46,2400
0000000077.png,QSH7vdp8fHU,76,2424
0000000037.png,sSYidFr_y5U,36,2448
0000000062.png,sSYidFr_y5U,61,2472
0000000092.png,sSYidFr_y5U,91,2496
0000000122.png,sSYidFr_y5U,121,2520
0000000028.png,Q6sRe9C3xCc,27,2544
0000000052.png,Q6sRe9C3xCc,51,2568
0000000098.png,Q6sRe9C3xCc,97,2592
0000000059.png,o8ytnX2TACg,58,2616
0000000093.png,o8ytnX2TACg,92,2640
0000000036.png,bxJT9QllFG8,35,2664
0000000069.png,bxJT9QllFG8,68,2688
0000000036.png,yHtolA6VnBk,35,2712
0000000068.png,yHtolA6VnBk,67,2736
0000000108.png,yHtolA6VnBk,107,2760
0000000041.png,CUPe8Dzl6k4,40,2784
0000000053.png,CUPe8Dzl6k4,52,2808
0000000083.png,CUPe8Dzl6k4,82,2832
0000000109.png,CUPe8Dzl6k4,108,2856
0000000136.png,CUPe8Dzl6k4,135,2880
0000000044.png,LCfw5cp4YrY,43,2904
0000000076.png,LCfw5cp4YrY,75,2928
0000000095.png,LCfw5cp4YrY,94,2952
0000000121.png,LCfw5cp4YrY,120,2976
0000000130.png,LCfw5cp4YrY,129,3000
0000000059.png,ESP09iuqJkc,58,3024
0000000086.png,ESP09iuqJkc,85,3048
0000000104.png,ESP09iuqJkc,103,3072
0000000140.png,ESP09iuqJkc,139,3096
0000000071.png,8mFpYztcSdQ,70,3120
0000000097.png,8mFpYztcSdQ,96,3144
0000000122.png,8mFpYztcSdQ,121,3168
0000000147.png,8mFpYztcSdQ,146,3192
0000000192.png,8mFpYztcSdQ,191,3216
0000000050.png,YoCTbn-ewwI,49,3240
0000000077.png,YoCTbn-ewwI,76,3264
0000000053.png,___LCXugDUE,52,3288
0000000094.png,___LCXugDUE,93,3312
0000000121.png,___LCXugDUE,120,3336
0000000158.png,___LCXugDUE,157,3360
0000000037.png,3y_F3J-WaPc,36,3384
0000000074.png,3y_F3J-WaPc,73,3408
0000000098.png,3y_F3J-WaPc,97,3432
0000000142.png,3y_F3J-WaPc,141,3456
0000000042.png,YTSr0nwwtPw,41,3480
0000000063.png,YTSr0nwwtPw,62,3504
0000000084.png,YTSr0nwwtPw,83,3528
0000000094.png,YTSr0nwwtPw,93,3552
0000000124.png,YTSr0nwwtPw,123,3576
0000000054.png,M0Xm-5gMwZM,53,3600
0000000083.png,M0Xm-5gMwZM,82,3624
0000000100.png,M0Xm-5gMwZM,99,3648
0000000042.png,z-mjin-zsMM,41,3672
0000000078.png,z-mjin-zsMM,77,3696
0000000117.png,z-mjin-zsMM,116,3720
0000000040.png,TNlJGcOoBGo,39,3744
0000000059.png,TNlJGcOoBGo,58,3768
0000000103.png,TNlJGcOoBGo,102,3792
0000000133.png,TNlJGcOoBGo,132,3816
0000000152.png,TNlJGcOoBGo,151,3840
0000000046.png,sFhLfEbkiZM,45,3864
0000000090.png,sFhLfEbkiZM,89,3888
0000000137.png,sFhLfEbkiZM,136,3912
0000000027.png,YrYNusdt6Kk,26,3936
0000000074.png,YrYNusdt6Kk,73,3960
0000000036.png,mJMMNLvjYRo,35,3984
0000000072.png,mJMMNLvjYRo,71,4008
0000000104.png,mJMMNLvjYRo,103,4032
0000000050.png,oG8uH5zKZtw,49,4056
0000000074.png,oG8uH5zKZtw,73,4080
0000000109.png,oG8uH5zKZtw,108,4104
0000000159.png,oG8uH5zKZtw,158,4128
0000000039.png,OrOz71-rRlA,38,4152
0000000065.png,OrOz71-rRlA,64,4176
0000000101.png,OrOz71-rRlA,100,4200
0000000036.png,I2R7rhWZg3Y,35,4224
0000000053.png,I2R7rhWZg3Y,52,4248
0000000081.png,I2R7rhWZg3Y,80,4272
0000000114.png,I2R7rhWZg3Y,113,4296
0000000034.png,7dngEwkPZoc,33,4320
0000000053.png,7dngEwkPZoc,52,4344
0000000062.png,7dngEwkPZoc,61,4368
0000000090.png,7dngEwkPZoc,89,4392
0000000103.png,7dngEwkPZoc,102,4416
0000000117.png,7dngEwkPZoc,116,4440
0000000023.png,XaY9lzlzwuc,22,4464
0000000040.png,XaY9lzlzwuc,39,4488
0000000032.png,43cSnUfsmhE,31,4512
0000000055.png,43cSnUfsmhE,54,4536
0000000075.png,43cSnUfsmhE,74,4560
0000000052.png,iGP1lDpLcEw,51,4584
0000000074.png,iGP1lDpLcEw,73,4608
0000000092.png,iGP1lDpLcEw,91,4632
0000000109.png,iGP1lDpLcEw,108,4656
0000000038.png,Yz3jskJ3M2o,37,4680
0000000048.png,Yz3jskJ3M2o,47,4704
0000000083.png,Yz3jskJ3M2o,82,4728
0000000113.png,Yz3jskJ3M2o,112,4752
0000000036.png,5LI_QbdrHuw,35,4776
0000000045.png,5LI_QbdrHuw,44,4800
0000000066.png,5LI_QbdrHuw,65,4824
0000000092.png,5LI_QbdrHuw,91,4848
0000000127.png,5LI_QbdrHuw,126,4872
0000000033.png,8oQewFl9jKs,32,4896
0000000099.png,8oQewFl9jKs,98,4920
0000000126.png,8oQewFl9jKs,125,4944
0000000042.png,EonEVC4_MW4,41,4968
0000000057.png,EonEVC4_MW4,56,4992
0000000069.png,EonEVC4_MW4,68,5016
0000000100.png,EonEVC4_MW4,99,5040
0000000108.png,EonEVC4_MW4,107,5064
0000000032.png,8YUlxmYqfqs,31,5088
0000000049.png,8YUlxmYqfqs,48,5112
0000000076.png,8YUlxmYqfqs,75,5136
0000000091.png,8YUlxmYqfqs,90,5160
0000000118.png,8YUlxmYqfqs,117,5184
0000000055.png,jHSfVyYHP48,54,5208
0000000088.png,jHSfVyYHP48,87,5232
0000000105.png,jHSfVyYHP48,104,5256
0000000135.png,jHSfVyYHP48,134,5280
0000000096.png,tJrZkhpyfyM,95,5304
0000000065.png,RmF3ApTpFNk,64,5328
0000000092.png,RmF3ApTpFNk,91,5352
0000000052.png,YnHU-0iEq4E,51,5376
0000000079.png,YnHU-0iEq4E,78,5400
0000000102.png,YnHU-0iEq4E,101,5424
0000000027.png,FN1qhJOFRQ8,26,5448
0000000050.png,FN1qhJOFRQ8,49,5472
0000000071.png,FN1qhJOFRQ8,70,5496
0000000046.png,JYLbwY_Ell0,45,5520
0000000087.png,JYLbwY_Ell0,86,5544
0000000127.png,JYLbwY_Ell0,126,5568
0000000031.png,U3TtsAl8htU,30,5592
0000000055.png,U3TtsAl8htU,54,5616
0000000082.png,U3TtsAl8htU,81,5640
0000000045.png,SkDVF6niKVo,44,5664
0000000074.png,SkDVF6niKVo,73,5688
0000000107.png,SkDVF6niKVo,106,5712
0000000038.png,RLptyUS4vik,37,5736
0000000056.png,RLptyUS4vik,55,5760
0000000080.png,RLptyUS4vik,79,5784
0000000098.png,RLptyUS4vik,97,5808
0000000036.png,cbigCO8TZOM,35,5832
0000000048.png,cbigCO8TZOM,47,5856
0000000079.png,cbigCO8TZOM,78,5880
0000000107.png,cbigCO8TZOM,106,5904
0000000035.png,aJJB2vLp6Hs,34,5928
0000000053.png,aJJB2vLp6Hs,52,5952
0000000075.png,aJJB2vLp6Hs,74,5976
0000000101.png,aJJB2vLp6Hs,100,6000
0000000140.png,aJJB2vLp6Hs,139,6024
0000000034.png,CmycNu54WE0,33,6048
0000000080.png,CmycNu54WE0,79,6072
0000000031.png,h_ilLCjQdwY,30,6096
0000000061.png,h_ilLCjQdwY,60,6120
0000000089.png,h_ilLCjQdwY,88,6144
0000000028.png,03SqApi1HJU,27,6168
0000000070.png,03SqApi1HJU,69,6192
0000000118.png,03SqApi1HJU,117,6216
0000000041.png,QjYQEO9uSIE,40,6240
0000000083.png,QjYQEO9uSIE,82,6264
0000000105.png,QjYQEO9uSIE,104,6288
0000000153.png,QjYQEO9uSIE,152,6312
0000000052.png,v-iOUbZkvrk,51,6336
0000000080.png,v-iOUbZkvrk,79,6360
0000000103.png,v-iOUbZkvrk,102,6384
0000000037.png,Atn0lfyug0g,36,6408
0000000050.png,Atn0lfyug0g,49,6432
0000000080.png,Atn0lfyug0g,79,6456
0000000106.png,Atn0lfyug0g,105,6480
0000000127.png,Atn0lfyug0g,126,6504
0000000036.png,Jhw38Zg6RcI,35,6528
0000000060.png,Jhw38Zg6RcI,59,6552
0000000096.png,Jhw38Zg6RcI,95,6576
0000000036.png,hY5nop2qJhQ,35,6600
0000000061.png,hY5nop2qJhQ,60,6624
0000000100.png,hY5nop2qJhQ,99,6648
0000000135.png,hY5nop2qJhQ,134,6672
0000000035.png,pWbQJ7qpjmk,34,6696
0000000056.png,pWbQJ7qpjmk,55,6720
0000000070.png,pWbQJ7qpjmk,69,6744
0000000115.png,pWbQJ7qpjmk,114,6768
0000000141.png,pWbQJ7qpjmk,140,6792
