0000000004.png,p4aah8wnNes,3,0
0000000021.png,p4aah8wnNes,20,24
0000000037.png,p4aah8wnNes,36,48
0000000071.png,p4aah8wnNes,70,72
0000000001.png,v3NTRpp9NAI,1,96
0000000019.png,v3NTRpp9NAI,18,120
0000000031.png,v3NTRpp9NAI,30,144
0000000044.png,v3NTRpp9NAI,43,168
0000000060.png,v3NTRpp9NAI,59,192
0000000075.png,v3NTRpp9NAI,74,216
0000000013.png,rYSqiecP9hc,12,240
0000000030.png,rYSqiecP9hc,29,264
0000000072.png,rYSqiecP9hc,71,288
0000000082.png,rYSqiecP9hc,81,312
0000000091.png,rYSqiecP9hc,90,336
0000000123.png,rYSqiecP9hc,122,360
0000000017.png,QxMhLZMfI3s,16,384
0000000040.png,QxMhLZMfI3s,39,408
0000000071.png,QxMhLZMfI3s,70,432
0000000005.png,_1i8iuqxVJU,4,456
0000000027.png,_1i8iuqxVJU,26,480
0000000055.png,_1i8iuqxVJU,54,504
0000000069.png,_1i8iuqxVJU,68,528
0000000082.png,_1i8iuqxVJU,81,552
0000000093.png,_1i8iuqxVJU,92,576
0000000056.png,jC649u98vsE,55,600
0000000001.png,4Lz-uBcGm_Y,1,624
0000000027.png,4Lz-uBcGm_Y,26,648
0000000051.png,4Lz-uBcGm_Y,50,672
0000000089.png,4Lz-uBcGm_Y,88,696
0000000004.png,8L43I1bzN6Q,3,720
0000000015.png,8L43I1bzN6Q,14,744
0000000050.png,8L43I1bzN6Q,49,768
0000000081.png,8L43I1bzN6Q,80,792
0000000001.png,1TvcsDDarmo,1,816
0000000020.png,1TvcsDDarmo,19,840
0000000043.png,1TvcsDDarmo,42,864
0000000063.png,1TvcsDDarmo,62,888
0000000002.png,XJw6nalPFd0,1,912
0000000042.png,XJw6nalPFd0,41,936
0000000064.png,XJw6nalPFd0,63,960
0000000085.png,XJw6nalPFd0,84,984
0000000098.png,XJw6nalPFd0,97,1008
0000000004.png,SbzqI623EFI,3,1032
0000000018.png,SbzqI623EFI,17,1056
0000000066.png,SbzqI623EFI,65,1080
0000000086.png,SbzqI623EFI,85,1104
0000000026.png,uEEPjz0scrU,25,1128
0000000061.png,uEEPjz0scrU,60,1152
0000000029.png,_TlXsdY3zAM,28,1176
0000000071.png,_TlXsdY3zAM,70,1200
0000000002.png,8Cn_g21cfdo,1,1224
0000000021.png,8Cn_g21cfdo,20,1248
0000000065.png,8Cn_g21cfdo,64,1272
0000000084.png,8Cn_g21cfdo,83,1296
0000000001.png,NqaL1VSP5TQ,1,1320
0000000051.png,NqaL1VSP5TQ,50,1344
0000000084.png,NqaL1VSP5TQ,83,1368
0000000004.png,LWxZ5T4GLEM,3,1392
0000000045.png,LWxZ5T4GLEM,44,1416
0000000064.png,LWxZ5T4GLEM,63,1440
0000000076.png,LWxZ5T4GLEM,75,1464
0000000099.png,LWxZ5T4GLEM,98,1488
0000000006.png,Vud2xOozaA4,5,1512
0000000020.png,Vud2xOozaA4,19,1536
0000000050.png,Vud2xOozaA4,49,1560
0000000080.png,Vud2xOozaA4,79,1584
0000000093.png,Vud2xOozaA4,92,1608
0000000010.png,BVdn8DBENQs,9,1632
0000000047.png,BVdn8DBENQs,46,1656
0000000089.png,BVdn8DBENQs,88,1680
0000000038.png,ksEeVaRy7lo,37,1704
0000000066.png,ksEeVaRy7lo,65,1728
0000000083.png,ksEeVaRy7lo,82,1752
0000000012.png,v9Z5CBVRrx8,11,1776
0000000026.png,v9Z5CBVRrx8,25,1800
0000000054.png,v9Z5CBVRrx8,53,1824
0000000073.png,v9Z5CBVRrx8,72,1848
0000000001.png,dPjfR1MW4RU,1,1872
0000000039.png,dPjfR1MW4RU,38,1896
0000000077.png,dPjfR1MW4RU,76,1920
0000000026.png,5DzH_o9k0wE,25,1944
0000000057.png,5DzH_o9k0wE,56,1968
0000000012.png,fz_4MWd8MzQ,11,1992
0000000033.png,fz_4MWd8MzQ,32,2016
0000000068.png,fz_4MWd8MzQ,67,2040
0000000008.png,kQioivcozYo,7,2064
0000000026.png,kQioivcozYo,25,2088
0000000041.png,kQioivcozYo,40,2112
0000000069.png,kQioivcozYo,68,2136
0000000001.png,DrjuqH4G7qc,1,2160
0000000024.png,DrjuqH4G7qc,23,2184
0000000052.png,DrjuqH4G7qc,51,2208
0000000081.png,DrjuqH4G7qc,80,2232
0000000001.png,Bc8IALK3Svw,1,2256
0000000029.png,Bc8IALK3Svw,28,2280
0000000065.png,Bc8IALK3Svw,64,2304
0000000001.png,UA-0YFxbPPU,1,2328
0000000051.png,UA-0YFxbPPU,50,2352
0000000068.png,UA-0YFxbPPU,67,2376
0000000009.png,uYJm58ejFYQ,8,2400
0000000036.png,uYJm58ejFYQ,35,2424
0000000050.png,uYJm58ejFYQ,49,2448
0000000076.png,uYJm58ejFYQ,75,2472
0000000001.png,msaV9sbVxOw,1,2496
0000000023.png,msaV9sbVxOw,22,2520
0000000039.png,msaV9sbVxOw,38,2544
0000000059.png,msaV9sbVxOw,58,2568
0000000074.png,msaV9sbVxOw,73,2592
0000000001.png,CxpcDE9H3B4,1,2616
0000000031.png,CxpcDE9H3B4,30,2640
0000000072.png,CxpcDE9H3B4,71,2664
0000000033.png,sWr_Cx0gzrg,32,2688
0000000076.png,sWr_Cx0gzrg,75,2712
0000000089.png,sWr_Cx0gzrg,88,2736
0000000009.png,SMh3o92jq_0,8,2760
0000000023.png,SMh3o92jq_0,22,2784
0000000036.png,SMh3o92jq_0,35,2808
0000000055.png,SMh3o92jq_0,54,2832
0000000082.png,SMh3o92jq_0,81,2856
0000000001.png,fjTBwwAkPA0,1,2880
0000000022.png,fjTBwwAkPA0,21,2904
0000000056.png,fjTBwwAkPA0,55,2928
0000000001.png,JSt_8LXAaKs,1,2952
0000000033.png,JSt_8LXAaKs,32,2976
0000000053.png,JSt_8LXAaKs,52,3000
0000000010.png,jn16yI2BDtQ,9,3024
0000000055.png,jn16yI2BDtQ,54,3048
0000000024.png,SqpP4_ZpXSs,23,3072
0000000047.png,SqpP4_ZpXSs,46,3096
0000000055.png,SqpP4_ZpXSs,54,3120
0000000064.png,SqpP4_ZpXSs,63,3144
0000000091.png,SqpP4_ZpXSs,90,3168
0000000008.png,tzyN5ya5FVU,7,3192
0000000061.png,tzyN5ya5FVU,60,3216
0000000079.png,tzyN5ya5FVU,78,3240
0000000001.png,mJVnPIfSRbs,1,3264
0000000011.png,mJVnPIfSRbs,10,3288
0000000044.png,mJVnPIfSRbs,43,3312
0000000077.png,mJVnPIfSRbs,76,3336
0000000005.png,loYzGUDCRHY,4,3360
0000000021.png,loYzGUDCRHY,20,3384
0000000053.png,loYzGUDCRHY,52,3408
0000000071.png,loYzGUDCRHY,70,3432
0000000002.png,dw2ywf6eTXY,1,3456
0000000016.png,dw2ywf6eTXY,15,3480
0000000046.png,dw2ywf6eTXY,45,3504
0000000061.png,dw2ywf6eTXY,60,3528
0000000003.png,TAYskBVHMOE,2,3552
0000000019.png,TAYskBVHMOE,18,3576
0000000064.png,TAYskBVHMOE,63,3600
0000000091.png,TAYskBVHMOE,90,3624
0000000003.png,FHQVzGkbz74,2,3648
0000000018.png,FHQVzGkbz74,17,3672
0000000045.png,FHQVzGkbz74,44,3696
0000000088.png,FHQVzGkbz74,87,3720
0000000001.png,U9-uvwJWXgo,1,3744
0000000031.png,U9-uvwJWXgo,30,3768
0000000071.png,U9-uvwJWXgo,70,3792
0000000002.png,N1hqeeBP-gQ,1,3816
0000000020.png,N1hqeeBP-gQ,19,3840
0000000045.png,N1hqeeBP-gQ,44,3864
0000000072.png,N1hqeeBP-gQ,71,3888
0000000012.png,Sd-jNQe02bs,11,3912
0000000047.png,Sd-jNQe02bs,46,3936
0000000081.png,Sd-jNQe02bs,80,3960
0000000001.png,7rjasvCN5Os,1,3984
0000000018.png,7rjasvCN5Os,17,4008
0000000040.png,7rjasvCN5Os,39,4032
0000000056.png,7rjasvCN5Os,55,4056
0000000085.png,7rjasvCN5Os,84,4080
0000000002.png,7xput2E1AiI,1,4104
0000000015.png,7xput2E1AiI,14,4128
0000000031.png,7xput2E1AiI,30,4152
0000000063.png,7xput2E1AiI,62,4176
0000000006.png,u3LSuC2ZBWg,5,4200
0000000028.png,u3LSuC2ZBWg,27,4224
0000000054.png,u3LSuC2ZBWg,53,4248
0000000077.png,u3LSuC2ZBWg,76,4272
0000000001.png,59vtqY3c_eI,1,4296
0000000037.png,59vtqY3c_eI,36,4320
0000000069.png,59vtqY3c_eI,68,4344
0000000003.png,KSbYsy4_i5U,2,4368
0000000056.png,KSbYsy4_i5U,55,4392
0000000090.png,KSbYsy4_i5U,89,4416
0000000002.png,HDgPAaeBhDw,1,4440
0000000030.png,HDgPAaeBhDw,29,4464
0000000077.png,HDgPAaeBhDw,76,4488
0000000001.png,VUxcSZDQEag,1,4512
0000000039.png,VUxcSZDQEag,38,4536
0000000062.png,VUxcSZDQEag,61,4560
0000000002.png,mtAycG5i5c0,1,4584
0000000017.png,mtAycG5i5c0,16,4608
0000000035.png,mtAycG5i5c0,34,4632
0000000058.png,mtAycG5i5c0,57,4656
0000000081.png,mtAycG5i5c0,80,4680
0000000002.png,HQOSlQw5ERA,1,4704
0000000052.png,HQOSlQw5ERA,51,4728
0000000076.png,HQOSlQw5ERA,75,4752
0000000085.png,HQOSlQw5ERA,84,4776
0000000011.png,x7KDy1_4ri0,10,4800
0000000051.png,x7KDy1_4ri0,50,4824
0000000089.png,x7KDy1_4ri0,88,4848
0000000001.png,L3iR7bZvI7Y,1,4872
0000000019.png,L3iR7bZvI7Y,18,4896
0000000031.png,L3iR7bZvI7Y,30,4920
0000000068.png,L3iR7bZvI7Y,67,4944
0000000001.png,xSesijwE8j0,1,4968
0000000034.png,xSesijwE8j0,33,4992
0000000055.png,xSesijwE8j0,54,5016
0000000068.png,xSesijwE8j0,67,5040
0000000002.png,Inw1RPG_Q70,1,5064
0000000046.png,Inw1RPG_Q70,45,5088
0000000095.png,Inw1RPG_Q70,94,5112
0000000009.png,RQN-CgndG9Y,8,5136
0000000037.png,RQN-CgndG9Y,36,5160
0000000002.png,LJAQQkpOpNc,1,5184
0000000035.png,LJAQQkpOpNc,34,5208
0000000063.png,LJAQQkpOpNc,62,5232
0000000001.png,Mywr0ndNDG8,1,5256
0000000002.png,0fm16pVfzJc,1,5280
0000000001.png,XyJAPmtXrKA,1,5304
0000000023.png,XyJAPmtXrKA,22,5328
0000000048.png,XyJAPmtXrKA,47,5352
0000000076.png,XyJAPmtXrKA,75,5376
0000000001.png,nEmyOfey23g,1,5400
0000000044.png,nEmyOfey23g,43,5424
0000000094.png,nEmyOfey23g,93,5448
0000000126.png,nEmyOfey23g,125,5472
0000000008.png,ruZhn8llOXY,7,5496
0000000034.png,ruZhn8llOXY,33,5520
0000000068.png,ruZhn8llOXY,67,5544
0000000104.png,ruZhn8llOXY,103,5568
0000000002.png,qUpA0XJyf3g,1,5592
0000000048.png,qUpA0XJyf3g,47,5616
0000000073.png,qUpA0XJyf3g,72,5640
0000000002.png,cMg1O418gdY,1,5664
0000000024.png,cMg1O418gdY,23,5688
0000000041.png,cMg1O418gdY,40,5712
0000000068.png,cMg1O418gdY,67,5736
0000000095.png,cMg1O418gdY,94,5760
0000000009.png,ZracKUxoz4U,8,5784
0000000026.png,ZracKUxoz4U,25,5808
0000000036.png,ZracKUxoz4U,35,5832
0000000060.png,ZracKUxoz4U,59,5856
0000000085.png,ZracKUxoz4U,84,5880
0000000002.png,OrQeOxGGP3c,1,5904
0000000030.png,OrQeOxGGP3c,29,5928
0000000052.png,OrQeOxGGP3c,51,5952
0000000011.png,96KTy7rba8o,10,5976
0000000041.png,96KTy7rba8o,40,6000
0000000091.png,96KTy7rba8o,90,6024
0000000007.png,a5bfGN8J5fo,6,6048
0000000031.png,a5bfGN8J5fo,30,6072
0000000048.png,a5bfGN8J5fo,47,6096
0000000065.png,a5bfGN8J5fo,64,6120
0000000041.png,1LVf5NT5Ogo,40,6144
0000000072.png,1LVf5NT5Ogo,71,6168
0000000098.png,1LVf5NT5Ogo,97,6192
0000000001.png,gRUYWU4J7zo,1,6216
0000000022.png,gRUYWU4J7zo,21,6240
0000000074.png,gRUYWU4J7zo,73,6264
0000000107.png,gRUYWU4J7zo,106,6288
0000000117.png,gRUYWU4J7zo,116,6312
0000000141.png,gRUYWU4J7zo,140,6336
0000000158.png,gRUYWU4J7zo,157,6360
0000000167.png,gRUYWU4J7zo,166,6384
0000000178.png,gRUYWU4J7zo,177,6408
0000000187.png,gRUYWU4J7zo,186,6432
0000000198.png,gRUYWU4J7zo,197,6456
