0000000006.png,pdiruRW0HM8,5,0
0000000038.png,pdiruRW0HM8,37,27
0000000052.png,pdiruRW0HM8,51,54
0000000007.png,0HGJgyGn7f8,6,81
0000000007.png,Z9LvDp242d0,6,108
0000000172.png,NkOMC-jq9nM,171,135
0000000232.png,NkOMC-jq9nM,231,162
0000000254.png,NkOMC-jq9nM,253,189
0000000006.png,H9uMXkeGYT8,5,216
0000000045.png,H9uMXkeGYT8,44,243
0000000006.png,cHBWUglhFpE,5,270
0000000038.png,cHBWUglhFpE,37,297
0000000055.png,cHBWUglhFpE,54,324
0000000095.png,cHBWUglhFpE,94,351
0000000113.png,cHBWUglhFpE,112,378
0000000007.png,qdFahVGdDkI,6,405
0000000023.png,qdFahVGdDkI,22,432
0000000116.png,qdFahVGdDkI,115,459
0000000183.png,qdFahVGdDkI,182,486
0000000272.png,qdFahVGdDkI,271,513
0000000293.png,qdFahVGdDkI,292,540
0000000006.png,yuD_mK_pMBs,5,567
0000000031.png,yuD_mK_pMBs,30,594
0000000056.png,yuD_mK_pMBs,55,621
0000000080.png,yuD_mK_pMBs,79,648
0000000008.png,-J3hgacx9ho,7,675
0000000039.png,-J3hgacx9ho,38,702
0000000058.png,-J3hgacx9ho,57,729
0000000008.png,-4lCdpW2Nk8,7,756
0000000030.png,-4lCdpW2Nk8,29,783
0000000052.png,-4lCdpW2Nk8,51,810
0000000069.png,-4lCdpW2Nk8,68,837
0000000086.png,-4lCdpW2Nk8,85,864
0000000114.png,-4lCdpW2Nk8,113,891
0000000128.png,-4lCdpW2Nk8,127,918
0000000006.png,-5trDCxSJIA,5,945
0000000153.png,-5trDCxSJIA,152,972
0000000184.png,-5trDCxSJIA,183,999
0000000063.png,sjQA7OILQ6s,62,1026
0000000112.png,sjQA7OILQ6s,111,1053
0000000006.png,cfC51EduS68,5,1080
0000000046.png,cfC51EduS68,45,1107
0000000094.png,cfC51EduS68,93,1134
0000000107.png,cfC51EduS68,106,1161
0000000159.png,G-agUf74r7M,158,1188
0000000196.png,G-agUf74r7M,195,1215
0000000006.png,2nX3OFqRb1g,5,1242
0000000090.png,2nX3OFqRb1g,89,1269
0000000006.png,HLNM16RXU5c,5,1296
0000000006.png,NnOB2hmQlk8,5,1323
0000000027.png,NnOB2hmQlk8,26,1350
0000000039.png,NnOB2hmQlk8,38,1377
0000000083.png,NnOB2hmQlk8,82,1404
0000000012.png,AEB92BA4ORw,11,1431
0000000031.png,AEB92BA4ORw,30,1458
0000000087.png,AEB92BA4ORw,86,1485
0000000008.png,WFKWVQU-s7M,7,1512
0000000050.png,WFKWVQU-s7M,49,1539
0000000013.png,u_13qKiFkiM,12,1566
0000000006.png,Fi-_BHxlDI4,5,1593
0000000041.png,Fi-_BHxlDI4,40,1620
0000000058.png,Fi-_BHxlDI4,57,1647
0000000084.png,Fi-_BHxlDI4,83,1674
0000000006.png,xS7nhDDfSvo,5,1701
0000000030.png,xS7nhDDfSvo,29,1728
0000000059.png,xS7nhDDfSvo,58,1755
0000000006.png,RibU-qN7Bw8,5,1782
0000000048.png,RibU-qN7Bw8,47,1809
0000000072.png,RibU-qN7Bw8,71,1836
0000000094.png,RibU-qN7Bw8,93,1863
0000000006.png,hwMJnf_YNs4,5,1890
0000000037.png,hwMJnf_YNs4,36,1917
0000000085.png,hwMJnf_YNs4,84,1944
0000000006.png,9Dfhtpa_LyA,5,1971
0000000041.png,9Dfhtpa_LyA,40,1998
0000000064.png,9Dfhtpa_LyA,63,2025
0000000088.png,9Dfhtpa_LyA,87,2052
0000000014.png,nnUicWlEeOY,13,2079
0000000077.png,nnUicWlEeOY,76,2106
0000000008.png,u5MK-7KvSnM,7,2133
0000000070.png,u5MK-7KvSnM,69,2160
0000000095.png,u5MK-7KvSnM,94,2187
0000000010.png,P67x3XYi4Ls,9,2214
0000000028.png,P67x3XYi4Ls,27,2241
0000000063.png,P67x3XYi4Ls,62,2268
0000000011.png,d-_Glo-6Qjc,10,2295
0000000029.png,d-_Glo-6Qjc,28,2322
0000000046.png,d-_Glo-6Qjc,45,2349
0000000063.png,d-_Glo-6Qjc,62,2376
0000000097.png,d-_Glo-6Qjc,96,2403
0000000154.png,d-_Glo-6Qjc,153,2430
0000000162.png,d-_Glo-6Qjc,161,2457
0000000173.png,d-_Glo-6Qjc,172,2484
0000000196.png,d-_Glo-6Qjc,195,2511
0000000206.png,d-_Glo-6Qjc,205,2538
0000000214.png,d-_Glo-6Qjc,213,2565
0000000224.png,d-_Glo-6Qjc,223,2592
0000000243.png,d-_Glo-6Qjc,242,2619
0000000268.png,d-_Glo-6Qjc,267,2646
0000000294.png,d-_Glo-6Qjc,293,2673
0000000303.png,d-_Glo-6Qjc,302,2700
0000000008.png,IpyY8JEDF2E,7,2727
0000000030.png,IpyY8JEDF2E,29,2754
0000000060.png,IpyY8JEDF2E,59,2781
0000000073.png,IpyY8JEDF2E,72,2808
0000000158.png,IpyY8JEDF2E,157,2835
0000000231.png,IpyY8JEDF2E,230,2862
0000000298.png,IpyY8JEDF2E,297,2889
0000000339.png,IpyY8JEDF2E,338,2916
0000000374.png,IpyY8JEDF2E,373,2943
0000000411.png,IpyY8JEDF2E,410,2970
0000000006.png,rYAjhqYYJsk,5,2997
0000000037.png,rYAjhqYYJsk,36,3024
0000000006.png,k5MGYAgMzYw,5,3051
0000000031.png,WIFnunzEVrU,30,3078
0000000055.png,WIFnunzEVrU,54,3105
0000000087.png,WIFnunzEVrU,86,3132
0000000006.png,BQVkuVTjrYY,5,3159
0000000031.png,BQVkuVTjrYY,30,3186
0000000046.png,BQVkuVTjrYY,45,3213
0000000072.png,BQVkuVTjrYY,71,3240
0000000085.png,BQVkuVTjrYY,84,3267
0000000006.png,o_IgGGBit60,5,3294
0000000021.png,o_IgGGBit60,20,3321
0000000031.png,o_IgGGBit60,30,3348
0000000049.png,o_IgGGBit60,48,3375
0000000083.png,o_IgGGBit60,82,3402
0000000010.png,yPf3Ff63iB4,9,3429
0000000041.png,yPf3Ff63iB4,40,3456
0000000071.png,yPf3Ff63iB4,70,3483
